-- POPULANDO TABELAS
use clinica_vet;

-- Populando a tabela Tutor
INSERT INTO Tutor (cpf, nome, email, fone) VALUES
('12345678901', 'João Silva', 'joao.silva@example.com', '21987654321'),
('98765432100', 'Maria Oliveira', 'maria.oliveira@example.com', '21912345678'),
('45678901234', 'Carlos Souza', 'carlos.souza@example.com', '21987651234'),
('23456789012', 'Ana Lima', 'ana.lima@example.com', '21976543210'),
('34567890123', 'Paulo Costa', 'paulo.costa@example.com', '21999887766'),
('67890123456', 'Mariana Santos', 'mariana.santos@example.com', '21988776655'),
('78901234567', 'Bruno Rocha', 'bruno.rocha@example.com', '21987650000'),
('89012345678', 'Fernanda Carvalho', 'fernanda.carvalho@example.com', '21987653333'),
('90123456789', 'Ricardo Pereira', 'ricardo.pereira@example.com', '21987654444'),
('01234567890', 'Juliana Almeida', 'juliana.almeida@example.com', '21987656666');

-- Populando a tabela Tutor_endereco
INSERT INTO Tutor_endereco (id_tutor, cep, rua, numero, complemento, cidade, uf) VALUES
(1, '21000000', 'Rua A', 123, 'Apto 101', 'Rio de Janeiro', 'RJ'),
(2, '22000000', 'Rua B', 456, NULL, 'São Paulo', 'SP'),
(3, '23000000', 'Rua C', 789, 'Bloco 2', 'Belo Horizonte', 'MG'),
(4, '24000000', 'Rua D', 101, NULL, 'Curitiba', 'PR'),
(5, '25000000', 'Rua E', 202, 'Casa', 'Porto Alegre', 'RS'),
(6, '26000000', 'Rua F', 303, 'Apto 302', 'Salvador', 'BA'),
(7, '27000000', 'Rua G', 404, 'Cobertura', 'Florianópolis', 'SC'),
(8, '28000000', 'Rua H', 505, NULL, 'Fortaleza', 'CE'),
(9, '29000000', 'Rua I', 606, 'Apto 606', 'Manaus', 'AM'),
(10, '30000000', 'Rua J', 707, 'Bloco B', 'Brasília', 'DF');

-- Populando a tabela Animal
INSERT INTO Animal (id_tutor, nome, peso, raca, especie, cor, sexo, data_nasc) VALUES
(1, 'Rex', 20.5, 'Labrador', 'Cachorro', 'Amarelo', 'Macho', '2018-01-01'),
(2, 'Mimi', 4.2, 'Persa', 'Gato', 'Branco', 'Fêmea', '2020-03-15'),
(3, 'Bobby', 10.0, 'Beagle', 'Cachorro', 'Marrom', 'Macho', '2019-05-20'),
(4, 'Nina', 3.8, 'Siames', 'Gato', 'Cinza', 'Fêmea', '2021-07-25'),
(5, 'Luna', 8.5, 'Poodle', 'Cachorro', 'Preto', 'Fêmea', '2017-11-11'),
(6, 'Thor', 12.3, 'Bulldog', 'Cachorro', 'Branco', 'Macho', '2020-02-10'),
(4, 'Bella', 5.7, 'Chihuahua', 'Cachorro', 'Marrom', 'Fêmea', '2019-08-18'),
(4, 'Max', 9.4, 'Golden Retriever', 'Cachorro', 'Dourado', 'Macho', '2018-04-21'),
(1, 'Simba', 6.1, 'Maine Coon', 'Gato', 'Cinza', 'Macho', '2020-12-05'),
(6, 'Lola', 3.3, 'Yorkshire', 'Cachorro', 'Preto', 'Fêmea', '2017-09-30'),
(Null, 'Coche', 10.3, 'Coker Spaniel', 'Cachorro', 'Caramelo', 'Macho', '2015-08-27'),
(Null, 'Dart', 30.7, 'Doberman', 'Cachorro', 'Preto', 'Fêmea', '2018-11-03'),
(Null, 'Skip', 5.4, 'Shitzu', 'Cachorro', 'Dourado', 'Macho', '2018-04-21'),
(Null, 'Lyon', 50.1, 'Pastor Alemao', 'Cachorro', 'Preto', 'Macho', '2017-01-04'),
(Null,'SeAchona', 20.3, 'Poodle', 'Cachorro', 'Caramelho', 'Fêmea', '2021-04-14');

-- Populando a tabela Veterinario
INSERT INTO Veterinario (nome, crmv, email, fone, especialidade) VALUES
('Dr. Pedro Alves', 'CRMV-12345', 'pedro.alves@example.com', '21988776655', 'Cardiologia'),
('Dra. Júlia Mendes', 'CRMV-67890', 'julia.mendes@example.com', '21987654321', 'Dermatologia'),
('Dr. Roberto Lima', 'CRMV-11223', 'roberto.lima@example.com', '21999887766', 'Oftalmologia'),
('Dra. Fernanda Costa', 'CRMV-44556', 'fernanda.costa@example.com', '21988771234', 'Ortopedia'),
('Dr. Tiago Rocha', 'CRMV-77889', 'tiago.rocha@example.com', '21999880000', 'Neurologia'),
('Dra. Amanda Silva', 'CRMV-33445', 'amanda.silva@example.com', '21988770000', 'Endocrinologia'),
('Dr. Luiz Martins', 'CRMV-55667', 'luiz.martins@example.com', '21988775555', 'Oncologia'),
('Dra. Carla Teixeira', 'CRMV-88990', 'carla.teixeira@example.com', '21987659999', 'Hematologia'),
('Dr. Paulo Ribeiro', 'CRMV-11122', 'paulo.ribeiro@example.com', '21987652222', 'Anestesiologia'),
('Dra. Renata Moura', 'CRMV-33344', 'renata.moura@example.com', '21987653333', 'Nefrologia');

-- Populando a tabela Veterinario_endereco
INSERT INTO Veterinario_endereco (id_vet, cep, rua, numero, complemento, cidade, uf) VALUES
(1, '26000000', 'Rua F', 123, NULL, 'Rio de Janeiro', 'RJ'),
(2, '27000000', 'Rua G', 456, 'Sala 301', 'São Paulo', 'SP'),
(3, '28000000', 'Rua H', 789, NULL, 'Belo Horizonte', 'MG'),
(4, '29000000', 'Rua I', 101, 'Bloco 1', 'Curitiba', 'PR'),
(5, '30000000', 'Rua J', 202, NULL, 'Porto Alegre', 'RS'),
(6, '31000000', 'Rua K', 303, NULL, 'Salvador', 'BA'),
(7, '32000000', 'Rua L', 404, 'Apto 404', 'Florianópolis', 'SC'),
(8, '33000000', 'Rua M', 505, 'Apto 505', 'Fortaleza', 'CE'),
(9, '34000000', 'Rua N', 606, NULL, 'Manaus', 'AM'),
(10, '35000000', 'Rua O', 707, 'Bloco C', 'Brasília', 'DF');

-- Populando a tabela Consulta com mais dados
INSERT INTO Consulta (id_vet, id_Animal, dt, horario) VALUES
(1, 1, '2024-05-10', '10:00:00'),
(2, 2, '2024-05-12', '14:00:00'),
(3, 3, '2024-05-15', '09:00:00'),
(4, 4, '2024-05-18', '11:30:00'),
(5, 5, '2024-05-20', '16:00:00'),
(6, 6, '2024-05-22', '10:00:00'),
(7, 7, '2024-05-25', '14:00:00'),
(8, 8, '2024-05-27', '09:00:00'),
(9, 9, '2024-05-29', '11:30:00'),
(10, 10, '2024-05-31', '16:00:00'),
(1, 3, '2024-06-01', '10:00:00'),
(2, 4, '2024-06-05', '14:00:00'),
(3, 1, '2024-06-08', '09:00:00'),
(4, 5, '2024-06-10', '11:30:00'),
(5, 2, '2024-06-12', '16:00:00'),
(6, 6, '2024-06-15', '10:00:00'),
(7, 7, '2024-06-18', '14:00:00'),
(8, 8, '2024-06-20', '09:00:00'),
(9, 9, '2024-06-22', '11:30:00'),
(10, 10, '2024-06-25', '16:00:00'),
(1, 5, '2024-06-27', '10:00:00'),
(2, 6, '2024-06-28', '14:00:00'),
(3, 7, '2024-06-29', '09:00:00'),
(4, 8, '2024-06-30', '11:30:00'),
(5, 9, '2024-07-01', '16:00:00'),
(6, 10, '2024-07-02', '10:00:00'),
(7, 1, '2024-07-03', '14:00:00'),
(8, 2, '2024-07-04', '09:00:00'),
(9, 3, '2024-07-05', '11:30:00'),
(10, 4, '2024-07-06', '16:00:00'),
(1, 6, '2024-07-07', '10:00:00'),
(2, 7, '2024-07-08', '14:00:00'),
(3, 8, '2024-07-09', '09:00:00'),
(4, 9, '2024-07-10', '11:30:00'),
(5, 10, '2024-07-11', '16:00:00'),
(6, 1, '2024-07-12', '10:00:00'),
(7, 2, '2024-07-13', '14:00:00'),
(8, 3, '2024-07-14', '09:00:00'),
(9, 4, '2024-07-15', '11:30:00'),
(10, 5, '2024-07-16', '16:00:00'),
(1, 7, '2024-07-17', '10:00:00'),
(2, 8, '2024-07-18', '14:00:00'),
(3, 9, '2024-07-19', '09:00:00'),
(4, 10, '2024-07-20', '11:30:00'),
(5, 1, '2024-07-21', '16:00:00'),
(6, 2, '2024-07-22', '10:00:00'),
(7, 3, '2024-07-23', '14:00:00'),
(8, 4, '2024-07-24', '09:00:00'),
(9, 5, '2024-07-25', '11:30:00'),
(10, 6, '2024-07-26', '16:00:00'),
(1, 8, '2024-07-27', '10:00:00'),
(2, 9, '2024-07-28', '14:00:00'),
(3, 10, '2024-07-29', '09:00:00'),
(4, 1, '2024-07-30', '11:30:00'),
(5, 2, '2024-07-31', '16:00:00'),
(6, 3, '2024-08-01', '10:00:00'),
(7, 4, '2024-08-02', '14:00:00'),
(8, 5, '2024-08-03', '09:00:00'),
(9, 6, '2024-08-04', '11:30:00'),
(10, 7, '2024-08-05', '16:00:00'),
(1, 9, '2024-08-06', '10:00:00'),
(2, 10, '2024-08-07', '14:00:00'),
(3, 1, '2024-08-08', '09:00:00'),
(4, 2, '2024-08-09', '11:30:00'),
(5, 3, '2024-08-10', '16:00:00'),
(6, 4, '2024-08-11', '10:00:00'),
(7, 5, '2024-08-12', '14:00:00'),
(8, 6, '2024-08-13', '09:00:00'),
(9, 7, '2024-08-14', '11:30:00'),
(10, 8, '2024-08-15', '16:00:00'),
(1, 10, '2024-08-16', '10:00:00'),
(2, 1, '2024-08-17', '14:00:00'),
(3, 2, '2024-08-18', '09:00:00'),
(4, 3, '2024-08-19', '11:30:00'),
(5, 4, '2024-08-20', '16:00:00'),
(6, 5, '2024-08-21', '10:00:00'),
(7, 6, '2024-08-22', '14:00:00'),
(8, 7, '2024-08-23', '09:00:00'),
(9, 8, '2024-08-24', '11:30:00'),
(10, 9, '2024-08-25', '16:00:00'),
(1, 2, '2024-08-26', '10:00:00'),
(2, 3, '2024-08-27', '14:00:00'),
(3, 4, '2024-08-28', '09:00:00'),
(4, 5, '2024-08-29', '11:30:00'),
(5, 6, '2024-08-30', '16:00:00'),
(6, 7, '2024-08-31', '10:00:00'),
(7, 8, '2024-09-01', '14:00:00'),
(8, 9, '2024-09-02', '09:00:00'),
(9, 10, '2024-09-03', '11:30:00'),
(10, 1, '2024-09-04', '16:00:00');